"state","potency","weight","price"
"WA",77,217,5000
"CT",51,248,4800
"FL",68,43,3500
"OH",69,123,3500
"MS",75,118,3400
"VA",73,127,3000
"FL",54,50,3000
"IL",58,140,2800
"GA",77,127,2600
"MS",49,74,2600
"LA",78,82,2600
"LA",78,81,2600
"LA",74,79,2600
"ME",81,12,2500
"FL",71,30,2500
"CA",79,107,2500
"NH",77,39,2400
"NH",73,52,2400
"FL",64,66,2100
"DC",59,61,2000
"PA",80,53,2000
"FL",49,53,2000
"PA",49,51,2000
"DC",56,60,2000
"NY",48,53,2000
"IL",71,83,2000
"IL",50,122,2000
"NM",3,87,1900
"LA",53,93,1900
"NY",78,55,1900
"OH",61,55,1900
"IL",37,53,1800
"VA",74,48,1800
"IL",37,51,1800
"MS",56,62,1800
"NY",70,48,1800
"CT",41,83,1700
"PA",40,45,1700
"CA",36,84,1700
"NY",85,61,1700
"NY",77,59,1700
"VA",50,62,1700
"CA",62,73,1600
"NJ",52,60,1600
"WI",88,50,1600
"NY",65,54,1600
"MS",86,34,1500
"FL",37,54,1500
"FL",35,54,1500
"FL",37,54,1500
"FL",37,54,1500
"WA",84,77,1500
"NJ",56,62,1500
"TX",41,94,1400
"MS",77,41,1400
"FL",53,16,1400
"IL",51,34,1400
"CA",68,84,1400
"LA",21,62,1300
"FL",60,52,1300
"IL",55,34,1200
"CA",66,56,1200
"CA",61,55,1200
"FL",19,13,1200
"IL",44,62,1200
"MO",77,38,1200
"CA",62,45,1200
"WA",79,46,1100
"WA",82,4,1100
"MA",76,26,1100
"NY",62,17,1000
"FL",68,17,1000
"VA",62,27,1000
"FL",66,23,1000
"OH",73,16,1000
"IN",72,26,1000
"MA",44,28,950
"NY",78,27,950
"MA",77,21,900
"NY",80,28,900
"FL",47,32,900
"CT",63,21,900
"OH",43,28,880
"GA",62,23,850
"NY",75,27,850
"PA",60,29,850
"SC",93,24,850
"GA",79,23,850
"CT",47,27,850
"NJ",51,24,840
"MS",79,11,810
"WA",73,27,800
"NY",67,26,800
"MO",79,25,800
"WV",74,7,800
"NY",63,27,800
"VA",36,27,800
"LA",40,21,800
"OH",68,20,800
"FL",67,13,800
"IL",58,13,800
"DC",84,13,800
"IL",86,26,800
"MS",75,16,800
"LA",39,18,800
"VA",60,21,800
"IL",48,20,800
"IL",66,26,800
"OR",52,39,780
"MO",77,24,760
"SC",85,23,750
"FL",33,27,750
"LA",57,27,750
"FL",80,9,750
"GA",61,29,750
"OH",38,23,720
"MS",75,12,700
"MA",83,7,700
"TX",74,26,700
"TX",88,13,700
"MA",85,9,700
"FL",48,23,700
"MI",62,21,700
"FL",70,15,700
"MA",83,10,700
"NY",76,49,700
"FL",64,28,700
"MA",71,10,700
"MD",43,13,650
"MA",76,8,650
"MA",84,1,650
"LA",81,14,630
"CT",64,14,630
"NJ",43,26,620
"NV",70,23,600
"WA",68,21,600
"VA",52,8,600
"WA",68,21,600
"NV",66,19,600
"NY",49,11,600
"CA",63,29,600
"NV",79,24,600
"NV",72,27,600
"IN",46,12,600
"NJ",53,9,600
"NV",80,23,600
"NJ",66,8,600
"WA",78,21,580
"CA",79,23,580
"MN",84,7,550
"IN",56,13,550
"IL",81,10,550
"IL",74,10,550
"CA",68,21,550
"CT",84,12,540
"CA",85,24,530
"CT",81,12,500
"DC",85,10,500
"LA",62,23,500
"DC",79,11,500
"DC",67,11,500
"IL",93,7,500
"VA",66,6,500
"NJ",63,3,500
"CA",71,26,500
"FL",77,4,500
"MS",53,15,500
"IL",86,8,500
"FL",76,12,500
"FL",73,12,500
"VA",59,7,500
"IN",80,12,500
"MA",91,14,450
"IL",61,6,450
"DC",89,8,420
"IL",46,11,400
"IL",78,4,400
"IL",67,12,400
"OH",71,12,400
"NJ",53,12,400
"PA",57,44,400
"IL",77,12,400
"OH",77,10,400
"MA",44,7,400
"NJ",76,13,400
"MA",70,7,380
"RI",50,11,380
"MD",20,5,350
"PA",79,2,350
"IL",67,11,350
"DC",89,6,340
"NY",67,5,340
"IL",45,8,340
"LA",76,8,310
"IN",37,10,300
"IN",55,7,300
"MA",69,3,300
"NY",66,9,300
"OH",76,4,300
"PA",91,3,300
"CT",76,4,300
"WV",47,2,300
"WV",85,4,300
"IL",93,3,300
"IA",72,2,300
"PA",71,3,290
"MA",78,1,280
"NY",67,7,280
"NY",86,5,280
"NY",72,5,280
"VA",57,4,280
"WA",82,10,280
"NV",58,12,280
"FL",79,3,260
"CA",58,12,250
"VA",94,6,250
"NV",69,7,250
"FL",73,3,250
"IN",84,3,250
"PA",78,7,250
"NJ",71,7,250
"PA",92,6,250
"FL",61,4,240
"PA",68,3,210
"CT",83,2,200
"PA",85,3,200
"PA",71,2,200
"PA",74,2,200
"FL",36,8,200
"TX",51,10,200
"IN",51,7,200
"WI",87,3,200
"NJ",60,2,200
"IN",73,3,200
"FL",76,5,200
"CA",65,5,200
"NJ",76,4,200
"FL",44,7,200
"FL",90,2,200
"FL",50,10,200
"IN",78,3,200
"IN",88,3,200
"WV",82,3,200
"WV",53,2,200
"OR",76,6,180
"IL",80,7,180
"CT",83,3,160
"TX",89,1,160
"CT",56,2,160
"IN",54,5,160
"NV",62,6,160
"DC",84,2,160
"NV",86,13,150
"NV",76,6,150
"VA",62,2,150
"LA",81,4,150
"CA",50,5,150
"FL",80,1,150
"CA",76,3,150
"CA",73,4,140
"FL",88,2,140
"DC",82,1,140
"IN",54,1,130
"DC",81,3,130
"DC",82,1,130
"VA",58,1,120
"IL",59,2,110
"TX",67,1,100
"PA",74,1,100
"MA",77,1,100
"MA",66,1,100
"VA",92,3,100
"IN",73,1,100
"NY",90,2,100
"NY",83,2,100
"NY",82,2,100
"NY",80,2,100
"NY",93,1,100
"NY",71,2,100
"NY",81,1,100
"NY",87,1,100
"NY",76,1,100
"NY",89,1,100
"NY",86,1,100
"FL",79,3,100
"DC",79,2,100
"FL",80,2,100
"MD",93,1,100
"MD",91,1,100
"FL",91,2,100
"IN",89,1,100
"WV",51,1,100
"MA",87,1,100
"MI",65,2,100
"NY",82,1,90
"MA",44,2,80
"MA",88,1,80
"NY",87,1,80
"GA",83,1,70
"NY",71,1,60
"PA",75,1,60
"NY",66,1,60
"NY",76,1,60
"TX",90,1,60
"CA",72,2,60
"MA",77,1,50
"TX",82,1,50
"TX",89,1,50
"NY",79,1,40
"NY",77,1,40
"CA",52,1,40
"CA",83,1,40
"CA",78,1,40
"CA",57,1,40
"PA",67,41,6900
"NY",74,48,5500
"CT",37,248,4800
"KY",74,74,4000
"DC",55,125,3500
"IL",60,122,3400
"NC",59,124,3400
"HI",73,78,3300
"NY",38,95,3200
"TN",6,139,3000
"VA",51,65,2800
"MS",53,89,2800
"HI",77,65,2700
"NY",77,95,2700
"GA",54,111,2600
"AL",57,125,2600
"KY",69,82,2600
"NY",37,61,2400
"NJ",44,97,2400
"LA",71,124,2200
"NY",33,6,2200
"VA",55,61,2100
"NJ",33,100,2000
"OH",44,75,2000
"VA",71,36,2000
"IL",67,55,2000
"FL",56,46,2000
"OH",62,55,2000
"WV",74,29,2000
"PA",57,49,1800
"NY",72,61,1700
"FL",57,56,1700
"GA",34,51,1600
"LA",68,50,1600
"IL",51,86,1600
"AL",55,64,1600
"TN",72,55,1500
"DC",48,40,1500
"AL",81,48,1500
"GA",55,50,1500
"DC",52,30,1500
"CA",53,72,1500
"MN",40,62,1500
"WA",69,43,1400
"VA",57,28,1400
"IL",82,62,1400
"LA",76,52,1400
"VA",74,21,1400
"VA",73,17,1400
"FL",81,25,1400
"VA",59,28,1400
"CA",81,85,1400
"NY",58,46,1400
"LA",65,54,1400
"LA",56,61,1300
"FL",49,52,1300
"LA",57,59,1300
"ME",68,32,1300
"LA",74,62,1300
"IL",51,38,1300
"OR",83,54,1200
"IL",35,64,1200
"LA",60,56,1200
"NJ",58,17,1200
"CA",66,53,1200
"IL",61,56,1200
"MD",81,27,1200
"WA",69,54,1200
"NV",70,46,1200
"HI",73,26,1100
"CA",90,47,1100
"WV",76,19,1000
"FL",89,16,1000
"FL",89,16,1000
"AL",83,20,1000
"DC",69,28,1000
"IL",74,41,1000
"IN",65,27,1000
"MA",43,26,950
"IL",82,15,950
"NJ",55,13,950
"IA",28,23,900
"AZ",75,55,900
"IL",45,27,900
"SC",91,23,850
"NH",54,30,850
"CA",55,47,800
"RI",53,16,800
"MA",35,13,800
"WV",87,13,800
"GA",77,24,800
"IL",70,27,800
"GA",73,24,800
"MA",61,21,800
"IN",42,25,800
"GA",66,32,800
"MO",58,25,800
"MA",65,26,760
"OH",65,22,750
"OH",61,23,750
"NV",56,41,750
"NV",53,41,750
"AL",54,16,750
"WV",73,14,700
"FL",88,11,700
"ME",85,7,700
"KS",83,23,700
"OH",66,18,700
"IL",43,27,700
"FL",83,6,700
"WV",68,7,700
"WA",58,27,650
"MD",30,14,650
"MA",89,8,650
"MS",66,10,650
"FL",56,26,650
"MD",59,13,650
"WA",83,23,600
"NJ",68,10,600
"WA",66,23,600
"MA",76,6,600
"NY",94,18,600
"IN",73,14,600
"MS",81,16,600
"NJ",62,7,600
"FL",63,14,600
"MA",28,10,600
"NJ",48,1,600
"MS",42,12,600
"IL",66,5,550
"PA",88,6,550
"WA",78,21,550
"FL",83,21,500
"FL",82,16,500
"CT",41,9,500
"DC",79,13,500
"CA",69,9,500
"VA",82,8,500
"DC",83,9,500
"MA",81,6,480
"VA",71,13,480
"MA",91,14,450
"MA",58,13,450
"NY",66,11,450
"NY",61,14,450
"CA",59,18,450
"LA",34,18,450
"LA",35,13,450
"OH",68,10,450
"OH",56,15,450
"VA",62,14,430
"VA",52,14,430
"TN",80,10,420
"MA",60,6,400
"FL",72,12,400
"VA",67,5,400
"VA",90,2,400
"CA",78,9,400
"NY",73,5,400
"WA",54,28,400
"NY",68,14,400
"AL",56,14,400
"FL",87,9,400
"WV",51,5,380
"IL",77,12,380
"DC",89,7,350
"IL",77,12,350
"WA",54,14,350
"IL",79,10,350
"FL",84,7,330
"MA",72,4,320
"PA",68,1,300
"CA",70,7,300
"IL",46,6,300
"HI",83,2,300
"CT",37,8,300
"DC",74,4,300
"CA",65,10,300
"IL",85,7,300
"WV",26,12,300
"CA",63,11,300
"NV",86,12,300
"MD",76,5,300
"DC",85,3,300
"NC",86,5,300
"CA",62,5,300
"DC",79,3,300
"DC",82,7,300
"MA",82,3,290
"FL",69,4,260
"FL",62,6,260
"IA",74,2,250
"IA",74,1,250
"IL",84,5,250
"IN",59,6,250
"VA",57,2,250
"FL",64,1,250
"IL",76,5,250
"IA",56,26,250
"IN",63,5,250
"NY",50,2,240
"OK",67,3,240
"NY",84,6,230
"NY",63,6,230
"VA",70,1,230
"VA",49,5,230
"OK",65,4,230
"WV",68,3,230
"OK",68,6,230
"WV",91,1,200
"WV",88,1,200
"CT",50,6,200
"MA",83,2,200
"FL",79,3,200
"FL",75,2,200
"VA",75,2,200
"VA",76,1,200
"VA",65,1,200
"NY",96,3,200
"WV",86,1,180
"WV",80,3,180
"CA",70,3,160
"NY",79,1,160
"CA",65,14,150
"WV",92,1,150
"CA",70,6,150
"NY",80,3,150
"NY",75,3,150
"MD",87,3,150
"VA",28,2,140
"FL",81,2,130
"NV",76,3,130
"IN",46,1,120
"MA",56,1,120
"NY",61,3,120
"WA",70,7,120
"NY",76,3,120
"IN",67,2,100
"IA",84,1,100
"CT",54,2,100
"WV",43,1,100
"WV",87,2,100
"CA",78,1,100
"DC",82,1,100
"NY",93,1,100
"NY",91,1,100
"NY",80,1,100
"NY",95,1,100
"FL",73,1,100
"WV",71,1,100
"WV",64,3,100
"VA",64,1,100
"WV",75,1,100
"NY",83,1,80
"NY",84,1,80
"TN",88,3,76
"VA",30,1,75
"NY",86,1,60
"GA",74,1,60
"IN",80,1,50
"CA",77,1,50
"IN",81,1,50
"NY",79,1,50
"CA",84,1,40
"CA",74,1,40
"CA",69,1,40
"IN",85,1,40
"GA",80,1,40
"NY",69,177,5400
"VA",40,123,4000
"MD",30,125,3800
"VA",73,41,3800
"IL",47,58,3700
"VA",63,95,3600
"KY",63,112,3200
"KY",67,117,3100
"AL",48,126,3000
"DC",77,58,2900
"NY",73,112,2900
"AL",71,124,2800
"DC",71,61,2800
"NY",51,97,2800
"VA",57,31,2700
"IL",54,117,2600
"IL",44,124,2600
"IL",42,124,2500
"CA",69,107,2400
"FL",84,68,2400
"IA",69,54,2200
"IL",58,72,2000
"IN",37,51,2000
"FL",64,60,2000
"IL",72,52,2000
"IN",45,28,2000
"NJ",59,84,2000
"NJ",34,99,2000
"IL",67,37,2000
"OH",39,54,2000
"CA",61,82,1900
"IN",74,61,1800
"IL",54,63,1800
"IL",52,53,1800
"IN",84,61,1800
"IL",55,90,1800
"DC",55,61,1800
"CA",65,106,1800
"PA",74,85,1800
"DC",78,62,1800
"MI",30,42,1800
"NY",71,60,1700
"AL",56,62,1700
"MO",65,54,1700
"GA",73,47,1600
"IL",51,51,1600
"FL",37,52,1600
"MA",79,49,1600
"IL",82,27,1600
"GA",49,37,1600
"IL",46,55,1500
"MS",63,55,1500
"CA",76,27,1500
"NJ",56,13,1500
"WA",70,50,1500
"IL",83,44,1500
"LA",42,44,1500
"LA",41,40,1400
"WA",68,64,1400
"LA",71,41,1400
"CA",42,83,1400
"CA",63,63,1400
"GA",53,61,1300
"NJ",24,39,1300
"IL",47,53,1300
"NY",70,46,1300
"MA",44,47,1300
"GA",54,46,1200
"VA",73,14,1200
"IN",69,54,1200
"CA",75,52,1200
"RI",59,28,1200
"IN",45,27,1200
"IL",44,21,1200
"NJ",32,25,1200
"CA",55,46,1200
"WA",78,39,1200
"VA",66,11,1200
"CA",72,36,1100
"IL",45,45,1100
"NV",74,55,1100
"NJ",59,10,1100
"LA",46,50,1100
"CA",75,56,1100
"LA",55,50,1000
"FL",56,34,1000
"FL",49,21,1000
"NY",90,25,1000
"RI",52,28,1000
"MO",89,10,1000
"MA",85,27,1000
"FL",78,14,1000
"MD",53,27,1000
"CA",70,38,1000
"IL",85,20,1000
"OH",79,22,1000
"LA",95,24,1000
"IL",54,18,950
"MA",47,27,900
"MO",58,27,900
"FL",83,5,900
"CA",69,51,900
"FL",85,9,900
"FL",81,11,900
"CA",58,36,880
"PA",72,27,850
"VA",76,24,850
"NH",54,27,850
"NH",55,25,850
"KY",52,27,850
"NJ",20,21,840
"NJ",66,22,830
"NJ",54,24,810
"NY",70,27,800
"FL",83,34,800
"OH",73,25,800
"FL",58,28,800
"NY",66,27,800
"NJ",46,12,800
"FL",76,23,800
"PA",60,24,800
"SC",89,23,800
"MA",64,26,800
"WI",48,23,800
"NY",75,27,800
"FL",72,18,800
"NJ",57,17,800
"IL",67,27,800
"IN",56,25,800
"GA",57,29,760
"GA",69,24,750
"GA",61,24,750
"GA",66,25,750
"FL",91,10,700
"AL",69,11,700
"VA",84,2,700
"IL",89,10,700
"PA",66,22,700
"MD",73,13,700
"GA",70,11,700
"IN",87,28,700
"MA",72,10,700
"DC",79,16,690
"IL",50,28,680
"VA",58,17,680
"VA",36,18,680
"FL",61,6,650
"MD",58,13,650
"IL",49,27,650
"CA",60,13,600
"WA",64,27,600
"IN",72,4,600
"IN",81,18,600
"CA",61,26,600
"FL",85,6,600
"WA",60,27,600
"NJ",24,20,600
"CA",72,17,600
"OH",59,12,590
"CA",62,26,560
"NV",67,27,550
"LA",48,17,550
"OH",61,11,550
"DC",56,7,550
"CA",72,23,550
"CA",78,18,530
"MA",75,16,520
"MA",80,13,500
"MS",59,5,500
"VA",45,5,500
"WA",70,23,500
"MS",75,14,500
"MD",86,7,500
"IA",72,6,500
"NY",61,5,500
"OH",69,13,500
"OH",70,10,500
"MD",67,7,500
"OH",69,10,500
"OH",55,12,500
"MO",85,13,500
"FL",84,12,500
"MA",65,15,500
"FL",51,8,500
"WA",74,5,500
"IN",49,6,500
"NV",46,22,500
"PA",80,14,450
"OH",47,13,450
"VA",61,12,450
"OK",68,14,450
"OH",66,13,450
"OK",65,12,450
"FL",64,8,450
"OK",55,12,450
"NJ",19,7,450
"VA",86,2,450
"VA",36,14,430
"WV",54,5,420
"WV",57,4,420
"VA",56,14,410
"TN",70,8,400
"FL",86,4,400
"TN",67,13,400
"NJ",56,11,400
"IL",84,8,400
"FL",80,4,400
"IL",81,6,400
"FL",61,9,400
"WV",64,1,400
"MD",73,11,400
"IN",74,13,400
"IN",55,13,380
"MA",60,9,360
"VA",62,4,360
"FL",43,24,350
"FL",43,22,350
"FL",44,21,350
"FL",42,21,350
"FL",41,22,350
"FL",44,20,350
"FL",40,22,350
"FL",37,19,350
"FL",31,19,350
"FL",29,19,350
"NJ",32,14,350
"IL",39,12,350
"IL",47,15,350
"NJ",61,2,340
"WI",88,5,310
"WA",78,11,300
"NV",47,13,300
"CT",71,12,300
"MD",75,5,300
"VA",62,7,300
"IL",47,22,300
"DC",77,7,300
"FL",80,10,300
"NJ",55,9,300
"IA",75,2,300
"IL",50,12,300
"AL",47,4,300
"IA",64,5,300
"NY",70,5,280
"NV",78,13,280
"CA",62,9,280
"ME",85,2,270
"IN",82,6,250
"NJ",49,10,250
"VA",59,6,250
"IL",69,6,250
"GA",75,6,250
"IA",67,2,250
"CT",77,5,250
"WI",89,4,250
"PA",72,5,240
"VA",58,6,240
"FL",78,13,240
"PA",74,3,230
"TX",54,4,230
"SC",87,6,230
"OK",67,5,230
"OK",57,7,230
"MO",76,2,220
"IL",42,8,220
"GA",54,3,210
"FL",84,4,200
"MA",67,3,200
"MA",73,5,200
"IN",52,6,200
"MO",89,2,200
"WV",74,1,200
"FL",81,1,200
"OH",73,6,200
"DE",59,7,200
"MS",71,2,200
"MS",69,2,200
"MS",71,2,200
"AL",49,2,200
"WI",81,2,200
"FL",78,2,200
"WV",74,1,200
"IA",85,3,200
"WV",51,2,200
"CA",64,10,200
"TX",85,2,200
"MA",88,2,200
"IN",50,6,200
"WA",75,4,200
"WA",73,3,200
"WA",84,2,200
"VA",78,6,200
"WV",79,6,200
"IN",67,6,200
"IL",65,6,200
"MA",78,2,180
"OH",68,3,160
"VA",54,1,160
"DC",84,2,160
"MO",66,2,150
"VA",91,1,150
"VA",86,1,150
"NY",76,3,150
"DC",84,1,150
"DC",66,1,150
"NV",74,3,130
"VA",62,1,120
"VA",73,1,120
"TX",89,1,100
"TX",83,1,100
"TX",71,1,100
"TX",55,1,100
"MA",55,1,100
"VA",54,1,100
"WV",76,1,100
"NY",91,2,100
"IL",53,2,100
"PA",73,1,100
"WV",75,1,100
"FL",66,1,100
"PA",66,1,100
"TX",72,1,100
"TX",84,1,100
"VA",69,2,80
"WA",77,3,80
"WA",73,1,80
"OH",79,2,60
"CA",56,2,60
"WI",93,1,51
"TX",92,1,50
"TX",83,1,50
"TX",88,1,50
"TX",86,1,50
"IN",83,1,50
"VA",91,1,50
"CA",76,1,50
"TX",84,1,50
"TX",90,1,50
"IN",61,1,50
"VA",62,1,50
"TX",58,1,50
"VA",65,1,50
"CA",80,1,40
"CA",69,1,40
"NY",87,1,40
"NY",88,1,40
"IN",68,1,40
"CA",74,1,40
"CA",85,1,40
"CA",66,1,40
"PA",68,102,3400
"VA",61,62,3100
"NY",61,39,3000
"FL",42,55,3000
"NY",73,85,2700
"NY",57,55,2400
"WA",83,51,2300
"AK",68,36,2300
"OH",69,60,2200
"MD",52,61,2200
"FL",57,73,2100
"WA",64,52,2100
"IL",73,55,2000
"MA",71,54,2000
"CA",71,72,2000
"FL",36,46,2000
"GA",66,47,1900
"IN",63,62,1800
"IL",47,62,1800
"IL",60,27,1800
"IN",38,55,1800
"PA",33,55,1800
"FL",34,39,1800
"KY",48,54,1800
"CA",52,89,1800
"CA",60,76,1700
"CA",7,111,1700
"NJ",50,56,1700
"CA",53,77,1700
"PA",65,59,1600
"VA",53,55,1600
"LA",49,52,1600
"AR",46,53,1600
"VA",49,56,1600
"TX",50,68,1600
"IL",52,62,1600
"NY",44,52,1500
"FL",94,48,1500
"IL",46,55,1500
"NY",62,54,1500
"IL",75,5,1500
"WA",57,53,1500
"IL",53,47,1500
"MA",55,49,1400
"LA",59,62,1400
"IL",64,54,1400
"IN",63,62,1400
"SC",71,66,1400
"IL",48,55,1300
"FL",90,35,1200
"FL",80,34,1200
"LA",46,42,1100
"WV",42,28,1100
"IA",61,19,1100
"MA",42,30,1100
"DC",48,30,1000
"GA",62,30,1000
"UT",88,8,1000
"PA",55,27,1000
"DC",48,30,1000
"CT",48,27,980
"NY",68,27,950
"DE",46,21,900
"TX",31,47,900
"PA",57,26,850
"CA",57,22,840
"IL",13,27,830
"IL",66,20,800
"FL",83,8,800
"NY",74,27,800
"VA",29,26,800
"FL",85,12,800
"IL",47,28,800
"FL",44,11,800
"IN",70,24,800
"FL",81,26,800
"FL",93,22,780
"FL",77,24,750
"WV",70,7,750
"CA",62,26,750
"LA",70,19,750
"IL",55,20,700
"VA",33,27,700
"FL",88,24,700
"CA",81,21,700
"IL",40,24,700
"NH",39,7,650
"NH",35,6,650
"CA",80,24,650
"NV",70,24,630
"UT",83,11,600
"CA",78,27,600
"ME",73,3,600
"OH",62,12,590
"TX",52,31,580
"VA",86,5,550
"LA",85,7,550
"IL",36,14,520
"MO",83,7,500
"VA",47,10,500
"CA",81,24,500
"DC",71,7,500
"CT",63,13,500
"FL",54,13,500
"CA",77,20,500
"VA",60,3,500
"IN",62,14,500
"PA",59,8,500
"IL",38,4,500
"WA",77,14,460
"IL",60,14,460
"MA",87,5,450
"OK",58,13,450
"IN",50,13,450
"MO",86,13,450
"FL",85,10,450
"WA",71,15,450
"VA",57,8,450
"VA",36,8,450
"GA",59,15,450
"PA",63,2,430
"WV",59,5,420
"PA",25,3,420
"UT",82,4,400
"CA",47,23,400
"IN",69,13,400
"IN",76,12,400
"FL",76,6,400
"FL",46,2,400
"IL",49,12,400
"MA",37,11,360
"VA",55,3,350
"VA",47,7,310
"MO",84,4,300
"LA",44,10,300
"DC",80,4,300
"IA",62,4,300
"MA",51,2,300
"DC",79,3,300
"MA",65,3,300
"FL",83,2,300
"FL",59,2,300
"IA",66,7,300
"VA",57,5,300
"CA",54,12,300
"CA",58,13,300
"PA",80,2,300
"FL",87,2,300
"MO",60,5,300
"VA",20,7,290
"NY",85,4,280
"IL",46,5,280
"IL",43,11,280
"VA",52,7,280
"CA",65,5,260
"VA",82,6,250
"VA",94,3,250
"VA",57,3,230
"OK",80,7,230
"VA",49,8,220
"PA",78,2,210
"NY",79,5,200
"IN",66,6,200
"VA",49,6,200
"MO",92,2,200
"MA",41,3,200
"VA",86,2,200
"LA",79,3,200
"FL",89,3,200
"CT",47,3,200
"MO",85,2,200
"MO",89,2,200
"FL",45,2,200
"WA",54,6,190
"VA",55,1,180
"CT",58,2,180
"VA",43,1,180
"CA",75,4,170
"MA",45,2,160
"IA",84,2,150
"WV",45,1,150
"MA",59,1,150
"VA",62,2,130
"WA",70,3,120
"MO",84,1,120
"VA",63,1,120
"IL",81,1,120
"KY",89,1,120
"FL",78,1,100
"LA",56,2,100
"CA",63,3,100
"WV",71,1,100
"NY",85,2,100
"NY",73,1,100
"VA",72,1,100
"FL",84,1,100
"GA",85,2,100
"WA",79,2,100
"GA",71,1,100
"WA",72,1,100
"MA",64,1,100
"MO",82,3,100
"VA",60,1,100
"FL",47,1,100
"MA",44,1,100
"AL",81,1,100
"NY",82,1,90
"NY",92,1,60
"CA",78,1,60
"VA",54,1,50
"NY",93,1,50
"GA",87,2,50
"CA",56,2,45
"NY",93,1,40
"FL",78,1,40
"GA",83,1,40
"HI",75,110,6400
"NJ",39,147,4500
"FL",49,84,4200
"IL",48,124,3200
"VA",31,90,3000
"FL",36,20,3000
"AL",61,120,2800
"FL",49,31,2600
"CA",56,95,2500
"OH",38,55,2400
"MN",73,8,2400
"FL",48,78,2300
"FL",61,59,2300
"CA",38,103,2300
"IA",45,47,2200
"VA",44,53,2200
"OH",39,53,2200
"LA",60,84,2100
"LA",86,43,2100
"FL",49,57,2100
"FL",24,70,2100
"NY",56,57,2100
"DC",53,58,2000
"NY",59,45,2000
"GA",51,61,2000
"KY",59,39,1900
"FL",43,46,1900
"MI",34,41,1800
"CA",76,72,1800
"SC",82,48,1800
"CT",72,49,1800
"IL",45,63,1800
"CA",78,71,1800
"OH",44,42,1800
"LA",35,52,1800
"GA",42,20,1700
"MO",60,54,1700
"CT",49,55,1700
"FL",78,39,1600
"NY",68,48,1600
"KY",31,49,1600
"FL",58,33,1500
"FL",30,41,1500
"IL",74,62,1500
"IL",43,53,1500
"NY",78,50,1500
"CA",58,55,1500
"FL",32,19,1500
"IL",72,62,1500
"CA",63,56,1500
"OK",42,62,1500
"CA",82,50,1300
"GA",58,61,1300
"IL",46,40,1300
"OK",42,29,1300
"NV",74,48,1300
"GA",42,60,1300
"MD",63,25,1200
"VA",71,10,1200
"FL",31,37,1200
"CA",65,50,1200
"VA",43,55,1200
"CA",57,54,1200
"IN",44,28,1200
"IN",38,28,1200
"RI",30,27,1100
"NY",69,26,1100
"DC",55,30,1100
"IN",54,45,1000
"VA",90,7,1000
"FL",86,7,1000
"KS",52,28,1000
"LA",61,44,1000
"FL",36,23,1000
"MD",66,26,1000
"FL",53,8,1000
"CT",49,28,1000
"FL",39,8,1000
"NY",43,28,980
"AL",46,28,950
"IL",33,28,920
"GA",82,11,900
"NY",62,27,900
"IL",56,28,900
"IL",32,28,900
"VA",42,28,900
"VA",49,27,820
"PA",55,8,800
"GA",58,22,800
"IL",77,20,800
"VA",26,16,800
"FL",48,7,800
"CT",80,7,800
"LA",73,19,800
"LA",52,27,780
"IN",65,24,750
"MO",25,13,750
"CA",63,28,750
"FL",57,24,750
"CA",71,27,710
"CA",73,23,700
"NV",70,22,700
"OK",61,8,700
"CA",93,28,700
"ME",47,7,700
"VA",86,5,700
"VA",77,6,650
"LA",61,23,650
"LA",55,26,650
"FL",69,7,650
"CA",65,27,600
"FL",33,19,600
"WI",77,7,600
"WV",71,14,600
"WV",68,13,600
"VA",59,7,600
"IN",35,13,600
"WV",42,7,600
"LA",78,12,600
"IN",75,12,600
"FL",36,18,500
"WI",49,8,500
"VA",44,13,500
"FL",97,2,500
"MO",72,9,500
"OK",61,6,500
"AL",56,6,500
"AL",47,8,500
"CA",73,17,500
"VA",44,14,480
"VA",43,14,460
"VA",55,13,450
"VA",39,13,450
"FL",40,8,450
"GA",80,4,450
"CA",69,11,450
"CA",67,11,450
"CA",81,5,450
"GA",60,12,450
"MN",71,5,450
"OK",52,14,450
"FL",62,12,450
"MO",46,7,450
"FL",50,4,430
"IA",47,2,400
"FL",86,8,400
"MO",53,10,400
"VA",69,13,400
"CA",58,6,400
"MO",77,8,400
"FL",69,6,400
"MO",76,3,400
"NJ",47,6,400
"LA",51,4,400
"NJ",49,4,360
"FL",78,8,360
"MO",67,9,350
"VA",70,6,350
"LA",92,6,350
"AL",62,5,350
"IL",64,5,350
"CA",62,13,300
"PA",42,3,300
"VA",60,3,300
"WA",78,8,300
"WA",77,8,300
"IA",52,7,300
"VA",61,3,300
"CA",78,4,300
"WV",70,9,300
"IN",48,5,300
"NJ",63,6,300
"MD",66,4,300
"PA",40,4,300
"OK",61,3,300
"PA",92,2,300
"PA",39,4,300
"PA",76,4,300
"FL",85,5,300
"IN",54,7,280
"VA",42,6,260
"MO",56,4,250
"MO",60,5,250
"VA",31,7,250
"FL",68,2,250
"FL",82,1,250
"FL",54,3,250
"FL",80,4,250
"FL",77,1,250
"OK",50,7,230
"FL",53,8,230
"MO",64,2,220
"WA",80,63,200
"MO",90,2,200
"PA",84,2,200
"FL",69,2,200
"PA",92,1,200
"TX",72,4,200
"TX",70,4,200
"FL",85,1,200
"TX",58,4,200
"CT",78,4,200
"FL",65,2,200
"PA",41,2,200
"FL",78,2,200
"FL",85,4,200
"IN",86,3,200
"IN",83,3,200
"PA",40,2,200
"WA",83,4,200
"VA",85,2,200
"AL",73,2,200
"NY",45,3,180
"CT",66,3,180
"VA",90,1,180
"IN",37,2,150
"NJ",93,1,150
"CA",79,6,150
"WA",80,3,150
"VA",71,1,150
"MA",72,2,150
"VA",39,3,140
"NY",34,3,130
"IL",47,3,110
"NV",69,1,100
"VA",88,2,100
"NY",91,2,100
"NY",82,1,100
"NY",80,1,100
"NY",84,1,100
"FL",89,1,100
"TX",77,2,100
"FL",83,1,100
"FL",75,1,100
"IN",55,3,100
"FL",71,1,100
"FL",88,1,100
"FL",74,1,100
"FL",83,1,100
"FL",88,1,100
"FL",79,1,100
"IN",68,1,100
"FL",85,1,100
"GA",65,1,80
"NY",90,1,80
"NY",78,1,80
"MO",89,1,80
"VA",64,1,80
"NY",81,1,80
"NY",68,1,60
"NY",83,1,60
"NY",76,1,60
"NY",93,1,60
"NY",77,1,60
"DC",62,1,60
"TX",70,1,60
"CA",80,1,50
"OK",48,1,50
"IN",82,1,50
"VA",85,1,50
"NY",79,1,40
"MD",61,1,40
"IN",73,14,5000
"FL",61,126,4700
"PA",41,133,4200
"FL",50,83,3500
"NJ",56,195,3300
"IL",47,125,3000
"CA",58,138,3000
"NJ",12,150,3000
"HI",71,78,3000
"IL",61,124,2600
"VA",38,56,2600
"OH",22,56,2500
"NJ",50,85,2500
"OH",61,65,2400
"FL",60,39,2300
"CA",73,82,2300
"PA",51,28,2200
"NV",61,111,2200
"NJ",9,130,2200
"LA",68,54,2100
"CA",76,84,2000
"IL",89,46,2000
"NY",62,61,1900
"MI",58,39,1900
"NY",64,56,1800
"IN",67,48,1800
"SC",81,47,1800
"IN",47,64,1800
"MD",44,62,1800
"IL",42,63,1800
"FL",58,14,1700
"CA",71,61,1600
"LA",48,55,1600
"LA",52,30,1600
"AR",94,55,1600
"NY",60,48,1600
"TX",44,39,1600
"OK",18,63,1500
"FL",43,11,1500
"FL",71,51,1500
"IL",50,61,1500
"IL",31,52,1500
"LA",65,56,1500
"FL",49,24,1500
"LA",44,57,1500
"FL",83,30,1500
"NJ",70,49,1500
"CT",42,62,1500
"FL",42,51,1500
"LA",55,54,1400
"CA",63,52,1400
"NY",91,39,1400
"CA",71,49,1300
"NJ",38,38,1300
"MS",40,51,1300
"NY",23,28,1300
"NY",23,28,1300
"OH",48,25,1300
"OH",30,26,1300
"MO",81,26,1200
"CA",78,46,1200
"NY",22,41,1200
"VA",74,19,1200
"IN",76,28,1100
"DC",40,30,1100
"OK",46,21,1100
"DC",50,29,1100
"NJ",33,35,1100
"OH",38,27,1000
"MD",29,28,1000
"KS",59,28,1000
"FL",62,21,1000
"ME",74,11,1000
"NY",68,29,990
"IL",24,27,900
"IN",63,27,900
"NY",54,30,900
"PA",44,28,900
"IL",53,26,900
"NY",59,28,870
"VA",89,3,800
"FL",71,27,800
"GA",46,27,800
"NH",76,14,800
"NH",77,13,800
"IL",49,25,800
"NJ",48,18,800
"GA",50,18,780
"IL",37,24,770
"FL",56,22,770
"VA",64,19,760
"UT",73,20,700
"IA",38,10,700
"GA",46,23,700
"IA",53,9,700
"WI",49,11,650
"FL",72,9,650
"MS",44,23,650
"DC",51,5,650
"TX",72,14,640
"NY",60,19,620
"IA",57,12,620
"AZ",79,27,610
"PA",19,24,600
"CA",62,24,600
"MD",31,12,600
"ME",69,4,600
"DC",48,12,600
"VA",66,15,600
"MT",48,12,600
"MO",81,12,550
"PA",46,14,550
"MO",47,10,550
"GA",64,10,550
"ME",73,7,540
"CT",52,13,520
"VA",67,13,520
"MO",78,9,500
"NJ",62,4,500
"IA",58,13,500
"FL",44,4,500
"IL",21,15,500
"IL",91,13,500
"IL",92,11,500
"OH",51,13,490
"IL",89,5,480
"IL",22,14,480
"MO",58,12,450
"MO",72,14,450
"VA",45,7,450
"PA",35,14,420
"PA",34,14,420
"FL",60,11,400
"FL",25,5,400
"GA",58,12,400
"GA",46,12,400
"VA",71,2,400
"CT",74,5,400
"FL",76,8,400
"FL",57,7,400
"NJ",47,9,400
"VA",56,13,400
"FL",67,5,360
"NY",26,10,350
"VA",92,2,350
"GA",83,9,350
"CT",72,4,350
"IA",48,4,340
"IN",46,10,320
"IN",48,10,320
"OH",75,2,300
"MA",67,4,300
"MO",52,5,300
"PA",64,3,300
"CA",59,13,300
"MO",45,6,300
"CA",56,5,300
"MO",58,5,300
"IN",57,7,300
"TX",81,3,300
"VA",61,6,300
"MO",67,4,300
"AL",61,2,300
"AL",59,2,300
"MA",53,6,300
"WV",19,4,300
"MO",60,7,250
"MO",84,3,250
"VA",63,6,250
"AL",71,3,250
"NJ",53,3,230
"MO",47,7,230
"NJ",56,3,230
"VA",72,4,230
"IN",50,5,220
"AL",62,1,220
"FL",57,4,200
"VA",75,1,200
"VA",37,2,200
"PA",53,1,200
"DC",65,2,200
"IA",50,2,200
"CA",59,7,200
"FL",89,2,200
"OH",61,3,200
"FL",62,3,200
"DC",40,2,200
"FL",85,3,200
"LA",70,4,200
"LA",72,2,180
"LA",74,6,180
"IN",38,3,170
"MA",58,2,170
"VA",86,1,160
"OH",58,1,160
"OH",73,1,160
"MA",41,3,160
"NY",78,2,150
"MA",20,2,150
"MA",56,1,150
"MA",70,1,150
"IN",73,3,150
"WV",82,1,150
"NY",94,2,150
"MA",59,1,130
"VA",86,3,130
"DC",25,2,130
"OK",49,3,130
"CT",38,3,120
"NY",76,1,120
"VA",51,3,120
"MD",65,2,100
"VA",37,2,100
"CA",51,7,100
"OH",57,1,100
"OH",43,1,100
"FL",49,1,100
"IN",48,1,100
"OK",46,1,100
"WV",60,1,100
"DC",56,2,100
"MO",48,1,100
"PA",66,1,100
"WV",37,1,100
"WV",38,1,100
"IN",70,1,100
"VA",64,1,100
"WV",32,1,100
"LA",70,2,100
"MO",58,1,100
"DC",72,1,98
"FL",94,1,80
"OH",70,1,60
"IN",71,1,50
"VA",33,1,50
"MO",88,1,50
"IN",77,1,50
"FL",54,1,40
"FL",2,459,9000
"HI",60,75,5100
"PA",56,118,4000
"NC",61,126,4000
"PA",33,124,3900
"PA",64,103,3800
"KY",32,125,3600
"CA",73,139,3500
"PA",56,115,3500
"SC",60,74,2700
"CT",40,125,2600
"MI",30,106,2600
"IL",47,47,2500
"GA",56,83,2300
"MD",50,53,2200
"VA",57,63,2200
"DC",49,60,2200
"CT",54,48,2200
"AL",71,51,2100
"IL",26,55,2000
"IL",26,56,2000
"CA",72,45,2000
"IL",51,83,2000
"MO",59,45,2000
"IL",57,66,2000
"VA",22,54,1900
"PA",56,67,1900
"VA",56,53,1900
"MD",55,60,1800
"PA",43,55,1800
"VA",40,23,1800
"MA",67,44,1800
"AL",40,44,1800
"NJ",48,41,1800
"IL",44,64,1800
"VA",56,54,1800
"NY",50,51,1700
"GA",43,46,1700
"NJ",45,52,1700
"NJ",30,56,1700
"CT",47,55,1700
"MI",51,33,1700
"LA",86,40,1600
"AL",51,60,1600
"GA",52,47,1600
"IL",44,39,1600
"AL",36,62,1600
"PA",31,52,1500
"FL",77,48,1500
"MN",82,44,1500
"WV",30,54,1500
"LA",65,54,1500
"WA",61,54,1500
"AL",32,44,1500
"IL",16,57,1400
"NY",60,39,1300
"IL",63,12,1300
"GA",57,47,1300
"WV",31,27,1300
"CT",52,41,1200
"OH",67,23,1200
"CA",79,56,1200
"DC",51,23,1200
"NY",64,37,1100
"IA",47,26,1100
"WA",56,54,1000
"NY",82,42,1000
"NY",74,28,1000
"MD",46,27,1000
"MO",82,26,1000
"MO",39,26,1000
"FL",39,30,1000
"MA",76,27,980
"MA",56,28,980
"AL",35,19,950
"FL",68,14,920
"FL",62,9,920
"CA",67,24,900
"MS",47,14,900
"FL",78,12,900
"FL",29,52,900
"IL",38,26,900
"IL",44,25,900
"NY",56,28,900
"NY",60,26,880
"PA",32,44,850
"CT",42,23,850
"IL",52,28,800
"LA",28,26,800
"NH",74,14,800
"FL",41,19,800
"IN",43,25,800
"WV",31,26,800
"LA",59,11,800
"LA",30,28,800
"CT",53,27,800
"AL",41,27,800
"DE",50,13,800
"IL",53,26,800
"LA",59,25,750
"DC",39,14,750
"FL",66,14,730
"CA",71,24,700
"CA",72,23,700
"CA",61,20,700
"ME",98,3,700
"CT",35,27,700
"LA",43,15,700
"IL",69,26,700
"GA",42,16,700
"CT",31,27,680
"IA",20,11,660
"IL",48,11,650
"IL",40,10,650
"GA",50,18,650
"VA",45,14,650
"LA",51,20,610
"DC",39,11,600
"IA",70,4,600
"IA",32,5,550
"ME",76,6,550
"OK",29,13,500
"NJ",31,7,500
"GA",58,12,500
"PA",71,14,500
"TN",69,12,500
"VA",50,17,500
"IL",37,11,500
"VA",17,15,500
"GA",49,12,500
"TN",48,10,500
"VA",41,18,500
"FL",50,13,500
"ME",52,7,500
"TX",50,4,500
"FL",83,2,500
"MI",79,6,490
"VA",43,14,480
"MA",62,6,460
"CA",68,17,450
"OK",41,13,450
"VA",44,14,450
"LA",47,12,450
"LA",50,10,450
"OH",41,12,440
"VA",51,4,440
"MI",78,7,430
"NJ",46,13,420
"IL",42,10,400
"IA",57,7,400
"WV",32,3,400
"WV",29,10,400
"CT",76,3,350
"IL",56,12,350
"NJ",42,5,350
"VA",77,4,350
"WV",37,6,350
"PA",75,6,350
"CT",70,3,350
"WV",28,4,350
"FL",83,1,340
"LA",45,11,330
"MI",78,6,330
"IL",84,8,330
"MI",66,5,320
"MO",40,6,320
"CT",34,6,320
"NJ",28,9,320
"FL",81,1,310
"MO",56,5,300
"CT",82,3,300
"PA",56,3,300
"MA",80,6,300
"MO",45,7,300
"WV",75,3,300
"OH",49,3,300
"OH",52,1,300
"OH",73,4,300
"CA",59,11,300
"MO",42,7,300
"PA",75,3,300
"FL",72,1,300
"IN",53,7,300
"PA",37,2,300
"DC",78,2,300
"IN",87,1,300
"PA",47,2,300
"PA",61,4,300
"FL",48,8,280
"VA",54,6,280
"MO",60,2,270
"PA",70,7,260
"VA",60,6,250
"VA",53,7,250
"VA",55,7,250
"AL",56,5,250
"AL",60,4,250
"PA",75,7,250
"AL",54,4,250
"VA",64,7,250
"FL",78,3,240
"NJ",44,6,240
"FL",76,3,240
"OH",51,2,220
"OH",77,1,220
"FL",51,5,200
"FL",58,4,200
"VA",56,2,200
"WV",53,1,200
"WV",37,2,200
"IN",48,7,200
"WV",79,1,200
"FL",88,3,200
"FL",95,3,200
"IN",44,6,200
"NY",96,2,200
"PA",81,2,200
"WV",43,1,200
"VA",67,1,200
"WV",39,1,200
"PA",58,4,200
"WV",32,1,200
"FL",78,1,200
"MA",74,3,180
"MI",45,3,180
"CA",85,5,180
"MA",69,3,170
"PA",64,2,170
"MI",44,3,170
"CT",84,1,160
"VA",83,1,160
"WV",68,1,150
"DC",77,3,150
"DC",62,1,150
"AL",67,1,150
"DC",30,3,150
"VA",52,3,130
"NY",78,1,120
"CT",44,3,120
"FL",65,1,110
"SD",31,1,100
"IN",50,1,100
"MD",78,3,100
"IL",35,2,100
"OH",79,1,100
"VA",86,1,100
"IN",46,2,100
"PA",91,1,100
"VA",77,1,100
"MS",79,1,100
"MD",86,1,100
"FL",83,1,100
"NY",60,1,100
"WV",32,1,100
"VA",42,1,90
"IN",85,1,80
"NY",81,1,80
"IN",55,1,80
"NY",74,1,80
"VA",80,1,75
"OK",17,1,60
"NY",76,1,60
"NY",77,1,60
"FL",90,1,51
"FL",89,1,50
"NY",77,1,40
"VA",53,1,40
"NY",42,1,40
"NY",78,1,40
"DC",64,1,40
"PA",52,155,5200
"CA",68,252,4700
"CA",67,251,4600
"FL",47,121,4300
"FL",52,102,4200
"MD",3,123,4000
"FL",46,57,4000
"KY",57,132,3500
"VA",18,118,3300
"NJ",11,150,3000
"VA",49,87,3000
"NJ",66,118,2900
"FL",47,45,2800
"IL",42,81,2700
"IL",40,87,2600
"CA",41,85,2500
"FL",43,84,2500
"FL",44,35,2400
"VA",35,55,2400
"CT",51,98,2400
"MS",37,74,2300
"OH",71,61,2300
"DC",71,16,2200
"IL",33,84,2200
"AL",62,84,2200
"GA",46,61,2100
"IL",22,84,2100
"DE",41,40,2000
"IL",42,83,2000
"PA",29,55,2000
"MD",54,60,2000
"NJ",48,71,2000
"NJ",53,41,2000
"NJ",54,34,1900
"IL",48,46,1900
"MD",41,58,1900
"IL",54,61,1800
"DE",36,55,1800
"AL",72,56,1800
"LA",53,55,1800
"FL",48,67,1800
"LA",25,95,1800
"CA",35,56,1700
"AL",49,55,1700
"IL",59,55,1700
"FL",38,60,1700
"NJ",25,60,1600
"FL",66,50,1600
"CT",53,54,1600
"MS",34,55,1600
"IL",50,60,1600
"IL",58,62,1500
"IL",40,49,1500
"MS",33,47,1500
"GA",49,62,1500
"AL",40,35,1500
"WA",60,62,1500
"NJ",56,44,1500
"IL",39,62,1400
"WA",85,43,1400
"MA",76,13,1400
"NV",66,36,1400
"CT",43,62,1300
"IL",45,62,1300
"IL",33,59,1300
"CT",48,35,1300
"LA",44,34,1300
"SC",75,35,1300
"SC",64,35,1300
"DC",62,28,1200
"DC",81,26,1200
"VA",37,24,1200
"IL",40,55,1200
"OH",73,25,1200
"MS",44,42,1200
"IL",39,22,1200
"NJ",21,45,1100
"FL",36,23,1100
"IL",75,26,1100
"PA",54,27,1100
"PA",21,28,1100
"OH",44,24,1100
"FL",68,8,1000
"MI",50,24,1000
"VA",32,26,1000
"VA",21,27,1000
"FL",85,4,1000
"TN",77,23,1000
"MO",40,26,1000
"VA",90,20,1000
"NY",75,21,1000
"LA",61,26,1000
"MI",42,23,1000
"NY",52,32,1000
"ME",74,5,1000
"MA",80,27,980
"GA",58,25,930
"MD",88,29,900
"CA",33,27,900
"LA",48,34,900
"GA",49,26,900
"LA",47,27,900
"ME",75,10,900
"CT",49,31,900
"DC",43,29,900
"CT",52,27,900
"PA",46,29,900
"NY",44,30,880
"NY",57,30,870
"PA",26,28,850
"RI",56,27,850
"NY",76,28,840
"NY",51,28,840
"TN",67,15,830
"NJ",71,27,810
"FL",61,28,800
"LA",32,28,800
"TX",81,9,800
"NJ",43,11,800
"FL",71,11,800
"LA",46,24,800
"GA",40,28,800
"LA",53,25,800
"IL",49,22,800
"FL",73,6,750
"MS",41,27,750
"FL",57,12,730
"TN",73,10,700
"FL",58,1,700
"WA",53,24,700
"WA",33,25,700
"LA",80,28,700
"WA",77,21,700
"FL",67,10,700
"CA",63,28,700
"GA",39,21,700
"MO",69,10,650
"LA",78,10,650
"IL",49,13,610
"MA",63,21,600
"FL",60,2,600
"FL",63,1,600
"FL",64,5,600
"FL",51,5,600
"ME",71,2,600
"WV",30,12,600
"NV",68,19,600
"IA",63,4,600
"FL",58,8,600
"FL",65,5,600
"MD",52,16,600
"LA",65,12,600
"TN",61,9,580
"PA",70,14,550
"MD",54,13,550
"FL",56,14,550
"VA",86,4,540
"KY",8,12,530
"GA",59,13,520
"LA",28,27,510
"AL",62,7,500
"VA",43,14,500
"PA",71,11,500
"DC",81,6,500
"VA",59,14,500
"VA",42,23,500
"CT",76,13,500
"WV",64,3,500
"TX",86,20,500
"IL",61,5,490
"FL",72,12,480
"MA",42,13,470
"PA",62,14,460
"MS",39,17,460
"PA",78,14,460
"PA",69,14,460
"MA",60,13,450
"VA",43,14,450
"VA",50,14,450
"MD",30,14,450
"FL",40,5,450
"AL",66,11,450
"MA",37,13,450
"VA",38,14,450
"VA",32,14,450
"VA",20,14,450
"MS",85,12,450
"MA",78,5,440
"MA",55,13,440
"FL",62,2,420
"TX",80,9,400
"LA",35,12,400
"CA",87,5,400
"FL",54,6,400
"IN",86,12,400
"FL",76,1,400
"NY",50,3,390
"CT",32,15,390
"FL",73,4,390
"FL",64,2,350
"OH",57,4,350
"CT",57,3,350
"OH",44,3,350
"VA",53,7,330
"PA",73,3,320
"FL",79,1,320
"MA",68,3,300
"FL",70,2,300
"IA",16,6,300
"IA",76,2,300
"NJ",51,2,300
"MA",29,3,300
"CA",71,4,300
"MA",24,6,300
"PA",84,2,300
"NY",66,9,300
"AZ",43,7,300
"MA",40,6,300
"MA",80,4,300
"CT",68,7,300
"IN",51,7,300
"CT",62,6,300
"MA",53,6,300
"IL",41,13,300
"MA",15,7,300
"MA",52,7,300
"FL",77,2,300
"GA",84,3,300
"MA",43,5,300
"NY",35,8,290
"AL",61,6,290
"VA",42,4,280
"IA",57,4,260
"OH",56,2,250
"OH",26,2,250
"NJ",51,2,250
"TX",93,3,250
"TX",72,13,250
"OH",47,3,250
"PA",37,3,250
"IA",61,2,250
"AL",51,2,250
"OH",64,6,250
"FL",53,11,220
"PA",76,1,200
"FL",82,1,200
"FL",85,1,200
"WV",88,1,200
"FL",75,1,200
"FL",57,1,200
"FL",60,1,200
"MO",46,7,200
"NY",82,2,200
"AL",57,2,200
"MA",81,1,200
"FL",87,3,200
"FL",86,2,200
"FL",78,2,200
"OH",28,2,200
"FL",56,1,200
"FL",85,2,200
"VA",61,1,200
"WV",24,6,200
"VA",83,1,200
"VA",48,3,200
"FL",52,2,200
"WV",40,1,200
"IL",54,3,200
"NY",68,3,160
"IN",24,2,150
"IA",48,2,150
"CA",71,9,150
"WV",85,1,150
"VA",40,6,150
"AL",42,2,150
"VA",74,1,150
"VA",64,1,150
"VA",60,1,150
"PA",64,2,150
"FL",70,1,150
"IL",65,2,150
"VA",39,1,150
"CA",72,5,150
"VA",48,3,150
"CA",70,7,150
"DC",84,1,150
"MD",69,2,150
"NY",90,2,140
"MS",44,5,140
"OH",88,1,140
"CA",44,6,120
"FL",63,1,100
"NY",86,2,100
"NY",82,1,100
"NY",87,1,100
"NY",80,1,100
"NY",89,1,100
"NY",72,1,100
"FL",74,1,100
"FL",79,1,100
"FL",57,1,100
"FL",89,1,100
"FL",77,1,100
"FL",73,1,100
"WV",37,1,100
"WV",30,1,100
"FL",92,1,100
"IA",85,1,100
"IA",85,1,100
"MO",48,3,100
"IN",46,1,100
"FL",62,1,100
"NY",63,2,100
"DC",72,1,100
"NY",93,1,100
"MS",91,1,100
"NJ",59,1,100
"MO",48,1,100
"IN",48,1,100
"MA",59,1,100
"NY",66,1,100
"IN",70,1,100
"IN",44,1,100
"NY",86,1,100
"CA",86,1,100
"NY",69,1,80
"NY",84,1,80
"NY",26,1,80
"IN",44,1,80
"NY",75,1,80
"NY",68,1,80
"NY",59,1,80
"VA",35,1,80
"NY",66,1,80
"DC",97,1,60
"NY",76,1,60
"NY",65,1,60
"NY",86,1,60
"NY",78,1,60
"NY",88,1,60
"NY",84,1,60
"NY",79,1,60
"NY",83,1,60
"NY",72,1,60
"NJ",50,1,60
"NY",78,1,60
"FL",78,1,60
"NY",58,1,60
"NY",74,1,60
"NY",77,1,60
"AZ",87,1,50
"FL",84,1,40
"NY",66,1,40
"NY",72,1,40
"NY",76,1,40
"FL",72,1,40
"NY",59,1,40
"AK",35,218,7500
"NJ",11,429,6800
"IL",42,248,6500
"IL",47,247,6000
"CT",51,123,4400
"CA",46,240,4400
"NC",69,116,4200
"TX",62,162,4000
"PA",44,123,3600
"VA",53,83,3600
"OH",43,121,3600
"PA",46,122,3600
"IL",74,120,3500
"MD",39,127,3500
"TN",39,111,3400
"OH",55,81,3300
"GA",68,104,3300
"LA",74,107,3200
"LA",21,119,3100
"CA",51,111,2800
"MA",62,55,2700
"VA",59,55,2600
"PA",48,65,2600
"NJ",33,99,2500
"CT",31,124,2500
"PA",42,124,2500
"TX",49,79,2500
"FL",53,81,2400
"VA",31,40,2400
"IL",44,87,2400
"LA",59,53,2200
"TX",47,83,2200
"VA",31,52,2200
"MD",60,54,2200
"CT",38,39,2200
"WA",75,72,2100
"GA",48,62,2100
"LA",57,42,2100
"VA",41,55,2000
"IL",74,51,2000
"MD",50,56,2000
"TN",63,55,2000
"MA",50,52,1900
"MD",42,28,1900
"MD",34,30,1900
"VA",39,59,1900
"CA",79,86,1800
"CA",78,86,1800
"TN",56,43,1800
"NJ",57,59,1800
"MD",61,61,1800
"GA",64,46,1800
"CT",51,58,1800
"NJ",8,56,1700
"NJ",49,55,1700
"IL",57,61,1700
"GA",60,47,1700
"NJ",48,55,1700
"NJ",46,51,1700
"NJ",52,57,1700
"IL",77,62,1700
"CA",60,48,1700
"NJ",43,54,1700
"NJ",38,50,1600
"MI",66,47,1600
"LA",47,25,1600
"NV",61,80,1600
"NJ",39,56,1600
"MI",66,47,1600
"NJ",60,54,1600
"MS",30,56,1500
"PA",36,45,1500
"CA",66,48,1500
"CA",76,81,1500
"IL",30,72,1500
"NY",54,36,1400
"IL",57,58,1400
"GA",48,54,1400
"KY",52,48,1400
"NJ",81,7,1300
"GA",49,45,1300
"VA",85,14,1300
"IL",58,48,1300
"NJ",42,44,1200
"PA",49,47,1200
"LA",16,41,1200
"NV",75,50,1200
"LA",52,55,1200
"IL",39,55,1200
"VA",48,24,1200
"FL",43,32,1200
"CA",57,67,1200
"NJ",25,30,1200
"PA",39,28,1100
"WI",49,26,1100
"CT",85,27,1100
"MD",74,26,1100
"CT",45,31,1100
"VA",57,27,1100
"NY",46,34,1000
"WI",51,25,1000
"KY",76,30,1000
"MA",34,27,1000
"CT",76,27,1000
"FL",52,26,1000
"IL",21,30,1000
"RI",53,30,1000
"NY",61,24,1000
"KY",33,30,990
"LA",46,19,970
"NY",70,30,960
"NY",76,30,960
"MD",20,28,930
"MI",66,20,900
"MO",77,10,900
"MD",69,26,900
"WA",70,25,900
"MD",55,28,900
"MO",63,24,900
"WI",89,23,900
"FL",77,24,900
"CT",60,27,900
"LA",51,24,880
"NY",56,30,870
"NY",41,45,870
"IL",42,27,850
"GA",39,23,850
"NJ",29,33,840
"IA",52,26,800
"CT",55,28,800
"IL",53,27,800
"FL",41,26,800
"IL",71,27,800
"CT",54,27,800
"FL",79,28,800
"TN",60,6,800
"NJ",12,16,800
"IL",41,24,800
"FL",50,16,800
"GA",62,20,800
"WA",72,24,800
"NJ",46,26,750
"VA",39,27,750
"FL",74,2,750
"WA",67,23,750
"NJ",28,26,750
"NJ",27,23,750
"WV",67,5,700
"GA",55,28,700
"FL",59,11,700
"NV",60,26,600
"FL",78,5,600
"CA",86,11,600
"TX",45,25,600
"FL",69,3,600
"CA",61,22,580
"AZ",56,28,560
"AL",86,14,560
"WV",59,12,550
"DC",87,11,550
"CT",70,14,500
"MD",44,14,500
"NJ",49,1,500
"VA",20,14,500
"CA",61,28,500
"CT",37,7,500
"FL",64,4,500
"CT",36,14,500
"IL",65,13,500
"FL",47,14,500
"VA",41,14,500
"FL",65,6,500
"MO",53,10,500
"NJ",41,3,500
"VA",47,13,500
"RI",56,14,500
"FL",49,9,500
"MA",71,4,500
"FL",57,10,460
"FL",66,3,450
"IL",66,26,450
"AL",43,12,450
"IL",61,12,400
"LA",73,7,400
"FL",46,7,400
"CT",69,5,400
"FL",74,5,400
"IL",56,13,400
"NV",68,8,380
"WV",27,6,380
"FL",43,3,350
"FL",70,1,350
"FL",68,1,350
"CA",63,7,350
"IN",53,7,300
"MA",59,6,300
"FL",71,3,300
"CA",76,7,300
"CA",70,7,300
"FL",89,2,300
"VA",62,2,300
"FL",67,1,300
"FL",73,1,300
"MO",59,5,300
"MA",54,7,300
"MA",51,6,300
"LA",78,5,270
"CA",73,13,250
"CA",57,14,250
"PA",70,6,250
"FL",74,1,250
"VA",73,6,250
"NY",77,2,240
"NY",84,5,240
"TX",81,3,230
"LA",64,4,230
"IL",89,4,220
"NJ",52,5,200
"LA",77,4,200
"FL",86,2,200
"MO",55,7,200
"MO",57,6,200
"FL",78,4,200
"IN",87,1,200
"NY",86,3,200
"IN",88,2,200
"NY",75,3,200
"FL",54,1,200
"FL",73,1,200
"CA",57,6,200
"IL",65,4,200
"NY",84,2,200
"NY",74,2,200
"LA",82,3,180
"AL",47,3,180
"MA",85,1,160
"KS",90,4,150
"DC",58,1,150
"DC",43,1,150
"IN",63,2,150
"IN",84,2,150
"FL",77,2,150
"OH",72,2,150
"VA",58,1,150
"AL",65,1,150
"DC",36,2,150
"VA",44,1,150
"CA",75,6,130
"FL",72,1,120
"PA",57,1,120
"IL",46,3,120
"IN",63,1,100
"NY",72,1,100
"WV",39,1,100
"VA",56,3,100
"NY",74,1,100
"IN",46,3,100
"FL",89,1,100
"NY",84,1,100
"NY",82,1,100
"FL",68,1,100
"IL",48,3,100
"PA",57,1,100
"FL",73,1,100
"IL",67,1,100
"FL",93,3,100
"FL",52,4,100
"FL",78,1,100
"MA",85,1,100
"VA",65,1,100
"IN",45,3,100
"MA",89,1,90
"MA",88,1,90
"NY",79,1,80
"NY",77,1,80
"NY",80,1,80
"NY",90,1,60
"VA",57,1,60
"FL",67,1,60
"NY",63,1,60
"NY",78,1,60
"NY",79,1,60
"NJ",24,1,60
"NY",83,1,60
"NY",64,1,60
"NY",68,1,60
"NY",82,1,60
"NY",80,1,60
"FL",87,1,50
"FL",91,1,50
"MD",67,1,50
"FL",53,2,50
"IN",49,1,50
"VA",34,1,50
"OH",64,1,50
"NY",79,1,40
"NY",79,1,40
"MI",75,1,40
"NY",75,1,40
"KS",48,2,30
"CA",56,505,8400
"NY",76,185,4600
"OH",62,124,4300
"MN",45,102,4000
"VA",42,121,3600
"MD",84,124,3600
"TN",48,79,3400
"IL",30,125,3200
"IL",50,110,3200
"FL",62,84,3000
"LA",37,124,3000
"NJ",50,111,3000
"LA",61,128,3000
"CA",66,107,2800
"MS",33,109,2800
"IL",32,111,2800
"GA",68,124,2800
"IL",71,122,2800
"NJ",27,53,2700
"VA",51,41,2700
"VA",50,35,2400
"DC",91,55,2400
"CA",41,125,2300
"NJ",40,85,2200
"CA",64,88,2200
"WV",40,48,2200
"NJ",64,46,2200
"NJ",66,45,2200
"FL",62,73,2100
"MI",48,134,2000
"GA",61,67,2000
"NY",88,60,2000
"DC",44,84,2000
"VA",42,55,2000
"GA",65,55,2000
"DC",66,53,2000
"MA",43,54,1900
"FL",43,62,1900
"MD",60,60,1900
"IL",83,57,1900
"IL",41,63,1800
"NJ",52,55,1800
"NJ",49,39,1800
"MD",52,62,1800
"IL",57,53,1800
"IL",55,61,1800
"MD",44,60,1700
"VA",36,61,1700
"LA",39,51,1700
"VA",47,33,1700
"VA",34,27,1700
"WA",60,81,1600
"NJ",49,55,1600
"IN",31,60,1600
"FL",54,56,1600
"LA",70,61,1600
"LA",66,55,1600
"NJ",35,55,1600
"NJ",54,54,1600
"FL",70,50,1600
"CA",66,55,1500
"IL",31,47,1500
"IL",38,62,1500
"NJ",34,55,1500
"GA",48,52,1500
"IL",45,56,1500
"NJ",26,26,1500
"TX",37,56,1400
"MA",73,48,1400
"NJ",10,27,1300
"OK",33,20,1300
"WI",78,51,1300
"NJ",35,27,1300
"VA",51,23,1300
"NJ",53,42,1200
"DC",84,26,1200
"MD",57,20,1200
"GA",61,35,1200
"DC",44,30,1200
"OH",50,25,1200
"NY",70,39,1100
"CA",66,45,1100
"CA",61,62,1100
"VA",42,26,1100
"WV",46,27,1100
"AZ",55,55,1100
"VA",52,27,1100
"CA",57,56,1000
"CT",87,24,1000
"CT",83,20,1000
"RI",75,31,1000
"VA",54,24,1000
"MA",67,27,1000
"FL",28,39,1000
"NY",70,30,1000
"CT",72,25,1000
"MS",86,12,1000
"CT",74,26,1000
"FL",60,15,1000
"IL",56,27,990
"MI",46,34,970
"IL",63,27,960
"NY",80,26,960
"WI",56,28,960
"NY",83,34,960
"NY",78,26,960
"NY",77,29,900
"MD",57,26,900
"IN",76,26,900
"NY",53,29,900
"NY",73,30,900
"VA",38,27,900
"GA",68,25,900
"NY",42,31,900
"CT",40,35,900
"NJ",56,18,900
"GA",45,25,900
"NY",82,1,900
"NY",60,28,870
"FL",77,21,850
"FL",70,102,850
"CA",61,9,850
"FL",77,15,850
"MO",72,26,850
"MS",44,33,850
"FL",45,4,800
"IL",56,26,800
"CA",82,27,750
"IN",81,20,750
"NJ",23,24,750
"DC",90,9,750
"GA",55,27,750
"LA",59,27,750
"CA",81,21,750
"VA",73,5,750
"VA",82,9,750
"DC",87,21,700
"PA",66,26,700
"MI",43,22,700
"FL",88,12,700
"FL",38,20,700
"VA",57,10,680
"MI",63,45,650
"IA",43,6,650
"IA",51,10,650
"GA",43,20,650
"IN",38,20,600
"HI",80,6,600
"FL",75,6,600
"NY",79,18,600
"OH",69,10,600
"FL",72,5,600
"CA",55,23,580
"CT",55,14,540
"TX",59,27,520
"IN",45,14,500
"FL",80,3,500
"DC",71,11,500
"VA",37,13,500
"OH",57,13,500
"NJ",84,6,500
"CT",61,11,500
"OH",59,13,500
"FL",46,12,500
"IL",55,5,500
"GA",45,16,500
"AL",85,3,500
"RI",71,7,500
"MS",87,8,500
"WV",46,5,500
"WV",48,4,500
"WV",47,4,500
"VA",71,7,500
"MO",64,8,480
"WI",52,14,470
"MA",44,13,460
"OH",50,13,450
"MD",53,12,450
"VA",33,13,430
"FL",52,8,400
"HI",84,4,400
"CA",71,10,400
"DC",46,28,400
"IL",51,12,400
"IL",46,13,400
"FL",79,2,400
"FL",68,11,400
"DC",57,11,400
"CA",65,13,400
"WV",69,5,400
"OH",57,5,350
"IA",67,4,350
"IN",53,4,350
"VA",69,7,330
"IL",64,7,330
"IL",35,7,300
"MA",65,6,300
"AL",40,7,300
"TX",38,4,300
"MA",37,6,300
"MO",61,4,300
"DC",33,5,300
"MO",27,6,300
"MA",69,2,300
"IA",45,2,300
"MO",77,4,300
"MO",58,3,300
"DC",90,3,300
"VA",33,10,300
"MA",65,6,300
"CA",61,9,300
"MA",44,3,300
"MO",43,7,300
"FL",70,2,300
"MO",26,6,300
"MS",87,4,300
"WV",73,2,300
"NY",50,23,300
"MA",80,6,300
"VA",89,2,280
"CT",61,6,280
"CA",50,14,270
"CT",39,6,260
"IN",72,7,250
"FL",85,1,250
"OH",55,3,250
"VA",65,6,250
"OH",46,2,250
"MA",59,6,240
"VA",74,1,230
"FL",66,6,210
"MA",70,2,200
"WV",30,2,200
"FL",84,1,200
"FL",62,1,200
"GA",53,6,200
"FL",66,5,200
"IN",51,6,200
"MA",38,2,200
"NY",62,12,200
"CA",56,3,200
"FL",41,10,200
"MD",67,3,200
"IN",48,6,200
"IN",55,6,200
"GA",52,4,200
"MS",86,3,200
"MS",82,1,200
"NY",78,3,200
"VA",83,2,200
"IN",50,7,200
"MA",85,2,190
"OH",60,2,170
"OH",74,1,170
"GA",55,5,170
"MA",68,1,160
"MA",82,2,160
"IN",65,2,160
"OH",84,1,160
"OH",74,2,160
"NJ",67,3,160
"MA",78,1,150
"IN",64,2,150
"VA",77,1,150
"OH",83,2,150
"IN",64,1,150
"IN",52,3,150
"OH",82,3,150
"VA",38,2,140
"CA",48,7,140
"DC",47,3,130
"VA",39,4,130
"MO",62,1,120
"MO",53,1,120
"NY",90,2,120
"NY",86,1,120
"VA",88,2,110
"IN",90,1,100
"IN",86,1,100
"NY",60,1,100
"NY",81,1,100
"IN",77,1,100
"MA",82,1,100
"NY",51,1,100
"MA",75,1,100
"IN",24,2,100
"OH",82,1,100
"NY",75,1,100
"FL",77,2,100
"NY",89,1,100
"IA",63,1,100
"MI",79,2,100
"TN",89,1,100
"NY",76,1,100
"VA",84,1,100
"VA",86,1,100
"DC",67,1,100
"MD",65,1,100
"FL",92,1,100
"FL",85,1,100
"IL",52,4,100
"NY",59,2,90
"CA",73,2,90
"MA",68,1,90
"IN",76,1,81
"NY",77,1,80
"NY",90,1,80
"NY",76,1,80
"NY",91,1,80
"NY",92,1,80
"OH",83,1,70
"NY",79,1,70
"NY",80,1,60
"NY",87,1,60
"NY",88,1,60
"NY",87,1,60
"NY",72,1,60
"NY",87,1,60
"NY",53,1,60
"NY",73,1,60
"NY",59,1,60
"IN",64,1,60
"NY",55,12,60
"NY",90,1,60
"FL",15,1,60
"OH",62,2,50
"FL",50,2,50
"NY",77,1,40
"NY",78,1,40
"DC",76,1,40
"NY",63,1,40
"NY",90,1,40
"DC",66,1,20
"IL",45,249,6000
"NY",82,170,4900
"CA",77,247,4500
"CA",58,188,4400
"NC",49,124,3200
"TN",39,126,3200
"CT",52,113,3200
"FL",82,97,3000
"MD",35,79,2900
"WA",65,71,2900
"LA",35,123,2800
"FL",51,84,2700
"WI",52,92,2600
"VA",35,55,2500
"DC",41,59,2400
"NJ",67,81,2400
"DC",55,57,2400
"VA",98,28,2400
"OH",51,61,2200
"CA",57,82,2200
"CA",37,84,2200
"MD",66,8,2100
"CA",64,78,2100
"NJ",49,85,2100
"FL",86,76,2100
"FL",53,76,2100
"GA",59,58,2100
"PA",29,66,2100
"GA",70,53,2000
"CA",55,111,2000
"GA",68,43,2000
"IL",51,61,1900
"WI",44,51,1900
"WI",51,55,1900
"LA",64,25,1900
"MD",64,47,1900
"VA",47,46,1900
"IL",68,69,1800
"AL",52,79,1800
"WI",61,53,1800
"NJ",45,54,1800
"VA",45,49,1800
"OH",72,46,1800
"FL",38,43,1800
"DC",37,60,1800
"PA",61,62,1700
"NY",75,58,1700
"NJ",72,53,1600
"GA",52,45,1600
"NJ",44,55,1600
"NY",74,56,1600
"CT",32,55,1600
"FL",52,59,1600
"NJ",40,50,1600
"NY",55,49,1600
"IL",49,57,1500
"IL",41,54,1500
"FL",82,25,1500
"IN",47,56,1500
"IL",5,40,1500
"CT",75,39,1400
"CT",79,37,1400
"IL",37,51,1400
"MS",47,55,1400
"CT",70,48,1400
"CA",75,48,1300
"CA",79,46,1200
"TX",39,49,1200
"MD",68,27,1200
"NY",72,23,1200
"CA",78,57,1200
"VA",42,28,1200
"PA",69,26,1100
"MD",85,31,1100
"PA",45,27,1100
"NH",72,27,1100
"WI",83,45,1000
"OH",53,27,1000
"VA",79,5,1000
"IL",73,27,1000
"NY",53,23,1000
"FL",68,14,1000
"IL",44,41,1000
"NY",53,23,1000
"MD",76,12,1000
"CT",52,29,1000
"NJ",31,29,1000
"WV",29,25,1000
"DC",85,11,950
"MD",45,27,950
"MA",75,25,950
"WI",72,21,900
"FL",96,22,900
"NY",65,29,900
"MA",63,27,900
"NY",55,26,900
"NY",62,28,900
"LA",51,20,900
"TX",54,27,900
"NY",86,29,900
"NY",74,29,900
"CA",56,56,900
"CT",77,30,880
"AL",32,18,850
"MA",75,24,810
"FL",62,10,800
"NY",59,29,800
"MO",65,25,800
"TX",45,26,800
"ME",83,6,800
"MN",46,21,800
"GA",70,26,750
"GA",44,23,750
"GA",42,19,750
"NJ",39,18,720
"WA",71,22,700
"MD",74,13,700
"LA",45,18,700
"DC",73,5,700
"CA",48,25,700
"NJ",72,12,650
"VA",78,13,600
"VA",81,5,600
"OH",49,13,600
"WV",70,6,600
"NJ",45,10,600
"CA",73,23,590
"CA",68,27,580
"NJ",49,19,560
"OH",63,11,560
"NJ",65,20,560
"PA",60,13,550
"FL",80,12,550
"OH",78,9,550
"OH",89,11,550
"CA",79,27,540
"VA",82,4,530
"CA",45,28,520
"FL",80,4,500
"KY",84,11,500
"IL",72,13,500
"VA",51,55,500
"VA",48,14,500
"FL",61,3,500
"MA",73,12,480
"CA",77,19,480
"MA",67,13,450
"IA",84,12,430
"IL",74,13,400
"FL",68,2,400
"FL",42,12,400
"NJ",60,8,400
"TX",45,54,400
"CA",80,11,400
"IL",41,12,400
"AL",91,5,400
"IL",68,11,380
"TN",67,6,350
"TN",74,6,350
"GA",55,9,350
"CT",84,1,350
"NY",75,4,350
"NY",51,4,350
"TN",75,4,340
"MA",65,9,320
"NJ",80,4,320
"TN",77,5,320
"FL",80,2,300
"DC",77,5,300
"MA",50,5,300
"NY",79,1,300
"NJ",84,4,300
"NJ",78,3,300
"DC",75,2,300
"VA",78,2,300
"WA",68,12,300
"CA",63,13,300
"NY",84,9,300
"ME",88,2,300
"TX",66,7,300
"WV",83,2,300
"NJ",68,9,280
"CA",61,14,280
"VA",65,6,280
"CA",64,13,260
"VA",43,7,250
"NJ",92,2,250
"MA",72,3,250
"NY",59,5,250
"DC",47,4,250
"MA",79,6,240
"CT",41,5,240
"CT",42,6,240
"VA",57,5,230
"VA",96,2,220
"MS",87,2,220
"NY",76,2,200
"VA",46,1,200
"OH",89,3,200
"NY",77,1,200
"TX",45,7,200
"WV",53,2,200
"NY",83,3,200
"ME",83,1,200
"PA",39,2,200
"MA",30,1,200
"NY",76,3,200
"PA",71,2,200
"VA",65,3,180
"IL",46,6,170
"MA",64,1,160
"MA",78,1,160
"TX",92,3,160
"DC",56,2,160
"DC",57,1,160
"MA",52,1,150
"CA",77,5,150
"IL",56,2,150
"DC",66,3,150
"VA",57,3,150
"PA",72,3,150
"IA",72,3,150
"CA",60,6,140
"NY",80,3,130
"PA",63,3,120
"AL",49,1,100
"NY",79,2,100
"NY",87,1,100
"NY",86,1,100
"NY",84,1,100
"MA",55,1,100
"NY",90,1,100
"NY",90,1,100
"NY",82,1,100
"NY",92,1,100
"NY",92,1,100
"NY",89,1,100
"NY",70,1,100
"NY",79,1,100
"IN",68,3,100
"MA",77,1,100
"NY",81,1,100
"NY",62,2,100
"IL",39,3,90
"NY",82,1,80
"NY",80,1,80
"NY",64,1,80
"CA",79,3,80
"NY",64,1,80
"NJ",76,1,70
"IN",66,1,65
"NY",90,1,60
"NY",89,1,60
"DC",87,1,60
"NY",65,1,60
"NY",81,1,60
"AL",70,1,59
"NY",89,1,40
"DC",70,1,40
"DC",76,1,40
"DC",51,1,40
"NY",67,1,40
"NY",81,1,40
"OH",35,249,6000
"MD",46,112,3500
"FL",78,72,3000
"IL",56,124,3000
"AL",45,55,3000
"WA",69,97,2800
"FL",43,62,2500
"VA",81,41,2500
"VA",86,34,2500
"WI",52,55,2300
"CA",78,95,2300
"NJ",28,43,2300
"MD",63,62,2200
"NH",84,53,2100
"FL",54,71,2100
"MD",36,52,2000
"GA",51,50,2000
"VA",31,50,2000
"IL",46,62,1800
"MO",47,56,1800
"NJ",45,37,1800
"NJ",45,63,1800
"VA",32,52,1800
"PA",24,65,1600
"IN",63,55,1600
"VA",56,51,1500
"IN",33,61,1500
"WA",50,44,1500
"FL",84,47,1500
"IL",53,57,1500
"IN",48,52,1500
"CA",76,50,1500
"NJ",19,49,1500
"VA",33,50,1400
"IL",68,62,1400
"MN",43,61,1400
"CA",72,65,1400
"IL",54,55,1400
"NJ",29,42,1300
"MN",35,63,1300
"WA",73,51,1300
"DC",55,28,1200
"GA",59,38,1200
"CA",69,53,1200
"CA",69,49,1200
"FL",52,33,1200
"CA",65,51,1200
"GA",52,40,1200
"CA",62,50,1000
"PA",67,27,1000
"TX",39,49,1000
"VA",73,26,1000
"MD",71,29,1000
"NC",80,18,1000
"NY",50,27,1000
"NY",56,28,960
"KY",71,22,900
"MA",74,27,900
"NJ",27,27,900
"OH",57,25,900
"WI",84,23,900
"NY",55,28,880
"IL",46,27,870
"FL",60,32,850
"CT",38,27,800
"DC",66,6,800
"CT",36,28,800
"VA",25,28,800
"CA",61,20,800
"CA",48,23,800
"TN",31,28,800
"NJ",42,19,750
"NY",77,21,710
"WA",81,25,700
"WA",83,26,700
"NJ",47,17,700
"WA",81,25,640
"OH",64,13,600
"NH",87,8,600
"CA",71,26,600
"CA",70,17,600
"CT",40,27,600
"CA",36,28,580
"NJ",54,19,560
"OH",85,8,550
"KY",72,11,550
"CA",83,26,540
"OH",75,12,520
"MO",84,12,500
"NH",81,12,500
"NJ",32,17,500
"VA",58,3,500
"FL",57,9,500
"MO",77,6,500
"VA",55,11,450
"NJ",51,13,450
"NJ",75,13,450
"IL",42,13,430
"MA",56,4,430
"WA",88,10,430
"GA",54,12,400
"MA",64,6,400
"AL",78,6,400
"IL",39,13,400
"CT",83,4,400
"MS",74,3,400
"WI",65,12,400
"GA",30,14,400
"IA",62,11,400
"VA",46,14,400
"VA",21,12,400
"TN",45,13,400
"TN",41,11,400
"MO",31,9,400
"MO",63,4,400
"PA",66,9,400
"GA",79,6,380
"LA",48,10,380
"FL",71,10,350
"TN",93,4,350
"WA",89,5,350
"NY",94,4,350
"VA",58,8,330
"NJ",84,9,330
"TX",38,15,300
"VA",62,6,300
"VA",43,5,300
"NH",72,1,300
"MA",29,7,300
"IA",67,7,300
"IA",71,5,300
"IA",74,3,300
"NY",83,3,280
"MO",84,4,280
"OH",54,4,270
"CA",70,13,270
"CA",80,12,270
"NY",43,1,260
"PA",73,2,260
"OH",80,3,260
"VA",48,4,260
"VA",28,6,250
"IA",60,6,250
"IA",61,6,250
"NJ",81,10,250
"NJ",72,5,250
"IA",59,5,250
"PA",77,3,250
"MO",55,3,250
"MO",55,3,250
"NY",84,5,240
"NJ",90,2,240
"VA",62,5,240
"NJ",67,4,230
"CA",42,11,230
"VA",42,6,230
"KY",49,5,220
"OH",51,3,210
"VA",37,4,200
"VA",65,1,200
"DC",93,1,200
"PA",75,2,200
"NY",93,2,200
"MO",80,2,200
"WV",91,1,200
"NY",80,1,200
"OH",84,3,200
"OH",56,3,200
"NY",80,3,190
"OH",85,3,190
"DC",92,1,180
"CA",33,7,180
"MO",79,2,180
"MO",82,2,180
"OH",57,3,170
"IL",36,7,150
"IA",50,2,150
"FL",66,2,150
"WA",69,3,150
"IL",40,6,150
"WV",92,1,150
"WV",93,1,150
"NJ",53,2,140
"NJ",75,3,130
"VA",74,2,120
"VA",40,3,120
"MA",47,1,120
"IA",83,1,100
"VA",80,1,100
"MA",83,1,100
"IN",67,1,100
"NY",80,2,100
"DC",92,2,100
"VA",22,5,100
"IA",79,1,100
"MO",69,1,100
"MO",81,1,100
"MO",82,1,100
"MO",33,1,100
"TX",77,1,80
"NJ",50,1,80
"NY",73,1,80
"TX",87,1,60
"NY",91,1,60
"NY",87,1,50
"NY",94,1,40
"NY",69,1,40
"DC",38,1,40
"NJ",33,1,10
